date_key,full_date,year,quarter,month,month_name
20210308,2021-03-08,2021,1,3,March
20211207,2021-12-07,2021,4,12,December
20201013,2020-10-13,2020,4,10,October
20201222,2020-12-22,2020,4,12,December
20210808,2021-08-08,2021,3,8,August
20210206,2021-02-06,2021,1,2,February
20200213,2020-02-13,2020,1,2,February
20210416,2021-04-16,2021,2,4,April
20200515,2020-05-15,2020,2,5,May
20210501,2021-05-01,2021,2,5,May
20201211,2020-12-11,2020,4,12,December
20200106,2020-01-06,2020,1,1,January
20200127,2020-01-27,2020,1,1,January
20210319,2021-03-19,2021,1,3,March
20210113,2021-01-13,2021,1,1,January
20210727,2021-07-27,2021,3,7,July
20210220,2021-02-20,2021,1,2,February
20200407,2020-04-07,2020,2,4,April
20201122,2020-11-22,2020,4,11,November
20210510,2021-05-10,2021,2,5,May
20211025,2021-10-25,2021,4,10,October
20210517,2021-05-17,2021,2,5,May
20210221,2021-02-21,2021,1,2,February
20200818,2020-08-18,2020,3,8,August
20210703,2021-07-03,2021,3,7,July
20210325,2021-03-25,2021,1,3,March
20210313,2021-03-13,2021,1,3,March
20210911,2021-09-11,2021,3,9,September
20200628,2020-06-28,2020,2,6,June
20210429,2021-04-29,2021,2,4,April
20210330,2021-03-30,2021,1,3,March
20210511,2021-05-11,2021,2,5,May
20200918,2020-09-18,2020,3,9,September
20200705,2020-07-05,2020,3,7,July
20201108,2020-11-08,2020,4,11,November
20201206,2020-12-06,2020,4,12,December
20200511,2020-05-11,2020,2,5,May
20210805,2021-08-05,2021,3,8,August
20200813,2020-08-13,2020,3,8,August
20210202,2021-02-02,2021,1,2,February
20211007,2021-10-07,2021,4,10,October
20200401,2020-04-01,2020,2,4,April
20201004,2020-10-04,2020,4,10,October
20200526,2020-05-26,2020,2,5,May
20200601,2020-06-01,2020,2,6,June
20200206,2020-02-06,2020,1,2,February
20200417,2020-04-17,2020,2,4,April
20200229,2020-02-29,2020,1,2,February
20200731,2020-07-31,2020,3,7,July
20210811,2021-08-11,2021,3,8,August
20210126,2021-01-26,2021,1,1,January
20210303,2021-03-03,2021,1,3,March
20210323,2021-03-23,2021,1,3,March
20211030,2021-10-30,2021,4,10,October
20210110,2021-01-10,2021,1,1,January
20210401,2021-04-01,2021,2,4,April
20210504,2021-05-04,2021,2,5,May
20210607,2021-06-07,2021,2,6,June
20210726,2021-07-26,2021,3,7,July
20200806,2020-08-06,2020,3,8,August
20210629,2021-06-29,2021,2,6,June
20210516,2021-05-16,2021,2,5,May
20200612,2020-06-12,2020,2,6,June
20210112,2021-01-12,2021,1,1,January
20210626,2021-06-26,2021,2,6,June
20210404,2021-04-04,2021,2,4,April
20200802,2020-08-02,2020,3,8,August
20210625,2021-06-25,2021,2,6,June
20200702,2020-07-02,2020,3,7,July
20200212,2020-02-12,2020,1,2,February
20210324,2021-03-24,2021,1,3,March
20201023,2020-10-23,2020,4,10,October
20200607,2020-06-07,2020,2,6,June
20200530,2020-05-30,2020,2,5,May
20210813,2021-08-13,2021,3,8,August
20200825,2020-08-25,2020,3,8,August
20210421,2021-04-21,2021,2,4,April
20201026,2020-10-26,2020,4,10,October
20201018,2020-10-18,2020,4,10,October
20210623,2021-06-23,2021,2,6,June
20201028,2020-10-28,2020,4,10,October
20201128,2020-11-28,2020,4,11,November
20200828,2020-08-28,2020,3,8,August
20210224,2021-02-24,2021,1,2,February
20200522,2020-05-22,2020,2,5,May
20210124,2021-01-24,2021,1,1,January
20201121,2020-11-21,2020,4,11,November
20200307,2020-03-07,2020,1,3,March
20200208,2020-02-08,2020,1,2,February
20210807,2021-08-07,2021,3,8,August
20200301,2020-03-01,2020,1,3,March
20200616,2020-06-16,2020,2,6,June
20201005,2020-10-05,2020,4,10,October
20201020,2020-10-20,2020,4,10,October
20211223,2021-12-23,2021,4,12,December
20210919,2021-09-19,2021,3,9,September
20210119,2021-01-19,2021,1,1,January
20210106,2021-01-06,2021,1,1,January
20200630,2020-06-30,2020,2,6,June
20211002,2021-10-02,2021,4,10,October
20200224,2020-02-24,2020,1,2,February
20200108,2020-01-08,2020,1,1,January
20200920,2020-09-20,2020,3,9,September
20200216,2020-02-16,2020,1,2,February
20210505,2021-05-05,2021,2,5,May
20210617,2021-06-17,2021,2,6,June
20201006,2020-10-06,2020,4,10,October
20210521,2021-05-21,2021,2,5,May
20211018,2021-10-18,2021,4,10,October
20200419,2020-04-19,2020,2,4,April
20201104,2020-11-04,2020,4,11,November
20201205,2020-12-05,2020,4,12,December
20210412,2021-04-12,2021,2,4,April
20211104,2021-11-04,2021,4,11,November
20210223,2021-02-23,2021,1,2,February
20210425,2021-04-25,2021,2,4,April
20200107,2020-01-07,2020,1,1,January
20210611,2021-06-11,2021,2,6,June
20210211,2021-02-11,2021,1,2,February
20210618,2021-06-18,2021,2,6,June
20210829,2021-08-29,2021,3,8,August
20201228,2020-12-28,2020,4,12,December
20210225,2021-02-25,2021,1,2,February
20200203,2020-02-03,2020,1,2,February
20210819,2021-08-19,2021,3,8,August
20200414,2020-04-14,2020,2,4,April
20211110,2021-11-10,2021,4,11,November
20210630,2021-06-30,2021,2,6,June
20210506,2021-05-06,2021,2,5,May
20210331,2021-03-31,2021,1,3,March
20210101,2021-01-01,2021,1,1,January
20200119,2020-01-19,2020,1,1,January
20200722,2020-07-22,2020,3,7,July
20200814,2020-08-14,2020,3,8,August
20211126,2021-11-26,2021,4,11,November
20201110,2020-11-10,2020,4,11,November
20210908,2021-09-08,2021,3,9,September
20211205,2021-12-05,2021,4,12,December
20201008,2020-10-08,2020,4,10,October
20200917,2020-09-17,2020,3,9,September
20210408,2021-04-08,2021,2,4,April
20210526,2021-05-26,2021,2,5,May
20200314,2020-03-14,2020,1,3,March
20211022,2021-10-22,2021,4,10,October
20210201,2021-02-01,2021,1,2,February
20201120,2020-11-20,2020,4,11,November
20211206,2021-12-06,2021,4,12,December
20210717,2021-07-17,2021,3,7,July
20200627,2020-06-27,2020,2,6,June
20201111,2020-11-11,2020,4,11,November
20200131,2020-01-31,2020,1,1,January
20200804,2020-08-04,2020,3,8,August
20210209,2021-02-09,2021,1,2,February
20200303,2020-03-03,2020,1,3,March
20210529,2021-05-29,2021,2,5,May
20200609,2020-06-09,2020,2,6,June
20200821,2020-08-21,2020,3,8,August
20210715,2021-07-15,2021,3,7,July
20211106,2021-11-06,2021,4,11,November
20200706,2020-07-06,2020,3,7,July
20200321,2020-03-21,2020,1,3,March
20210320,2021-03-20,2021,1,3,March
20210420,2021-04-20,2021,2,4,April
20200718,2020-07-18,2020,3,7,July
20210706,2021-07-06,2021,3,7,July
20211021,2021-10-21,2021,4,10,October
20200709,2020-07-09,2020,3,7,July
20200726,2020-07-26,2020,3,7,July
20210604,2021-06-04,2021,2,6,June
20200924,2020-09-24,2020,3,9,September
20210414,2021-04-14,2021,2,4,April
20200727,2020-07-27,2020,3,7,July
20200220,2020-02-20,2020,1,2,February
20211225,2021-12-25,2021,4,12,December
20210403,2021-04-03,2021,2,4,April
20211210,2021-12-10,2021,4,12,December
20210822,2021-08-22,2021,3,8,August
20210928,2021-09-28,2021,3,9,September
20211102,2021-11-02,2021,4,11,November
20200801,2020-08-01,2020,3,8,August
20210909,2021-09-09,2021,3,9,September
20200219,2020-02-19,2020,1,2,February
20200109,2020-01-09,2020,1,1,January
20200319,2020-03-19,2020,1,3,March
20210424,2021-04-24,2021,2,4,April
20211128,2021-11-28,2021,4,11,November
20201115,2020-11-15,2020,4,11,November
20201012,2020-10-12,2020,4,10,October
20211209,2021-12-09,2021,4,12,December
20200116,2020-01-16,2020,1,1,January
20201015,2020-10-15,2020,4,10,October
20201212,2020-12-12,2020,4,12,December
20210107,2021-01-07,2021,1,1,January
20211112,2021-11-12,2021,4,11,November
20210103,2021-01-03,2021,1,1,January
20201202,2020-12-02,2020,4,12,December
20210327,2021-03-27,2021,1,3,March
20200308,2020-03-08,2020,1,3,March
20210814,2021-08-14,2021,3,8,August
20211201,2021-12-01,2021,4,12,December
20200226,2020-02-26,2020,1,2,February
20210306,2021-03-06,2021,1,3,March
20201217,2020-12-17,2020,4,12,December
20200428,2020-04-28,2020,2,4,April
20201208,2020-12-08,2020,4,12,December
20211008,2021-10-08,2021,4,10,October
20210821,2021-08-21,2021,3,8,August
20210218,2021-02-18,2021,1,2,February
20210613,2021-06-13,2021,2,6,June
20210831,2021-08-31,2021,3,8,August
20200707,2020-07-07,2020,3,7,July
20200913,2020-09-13,2020,3,9,September
20200623,2020-06-23,2020,2,6,June
20200703,2020-07-03,2020,3,7,July
20201210,2020-12-10,2020,4,12,December
20211031,2021-10-31,2021,4,10,October
20210818,2021-08-18,2021,3,8,August
20200904,2020-09-04,2020,3,9,September
20210810,2021-08-10,2021,3,8,August
20200621,2020-06-21,2020,2,6,June
20210724,2021-07-24,2021,3,7,July
20200915,2020-09-15,2020,3,9,September
20201019,2020-10-19,2020,4,10,October
20201022,2020-10-22,2020,4,10,October
20200114,2020-01-14,2020,1,1,January
20211107,2021-11-07,2021,4,11,November
20201112,2020-11-12,2020,4,11,November
20210219,2021-02-19,2021,1,2,February
20200712,2020-07-12,2020,3,7,July
20210522,2021-05-22,2021,2,5,May
20200714,2020-07-14,2020,3,7,July
20200211,2020-02-11,2020,1,2,February
20210806,2021-08-06,2021,3,8,August
20200502,2020-05-02,2020,2,5,May
20210207,2021-02-07,2021,1,2,February
20201116,2020-11-16,2020,4,11,November
20201109,2020-11-09,2020,4,11,November
20201003,2020-10-03,2020,4,10,October
20211116,2021-11-16,2021,4,11,November
20210603,2021-06-03,2021,2,6,June
20200316,2020-03-16,2020,1,3,March
20210121,2021-01-21,2021,1,1,January
20210123,2021-01-23,2021,1,1,January
20210508,2021-05-08,2021,2,5,May
20210704,2021-07-04,2021,3,7,July
20210115,2021-01-15,2021,1,1,January
20200715,2020-07-15,2020,3,7,July
20210907,2021-09-07,2021,3,9,September
20210830,2021-08-30,2021,3,8,August
20200916,2020-09-16,2020,3,9,September
20200110,2020-01-10,2020,1,1,January
20211115,2021-11-15,2021,4,11,November
20201106,2020-11-06,2020,4,11,November
20201011,2020-10-11,2020,4,10,October
20201224,2020-12-24,2020,4,12,December
20201215,2020-12-15,2020,4,12,December
20211212,2021-12-12,2021,4,12,December
20210503,2021-05-03,2021,2,5,May
20201125,2020-11-25,2020,4,11,November
20210513,2021-05-13,2021,2,5,May
20200331,2020-03-31,2020,1,3,March
20200708,2020-07-08,2020,3,7,July
20200327,2020-03-27,2020,1,3,March
20210825,2021-08-25,2021,3,8,August
20210523,2021-05-23,2021,2,5,May
20200724,2020-07-24,2020,3,7,July
20200315,2020-03-15,2020,1,3,March
20210915,2021-09-15,2021,3,9,September
20200101,2020-01-01,2020,1,1,January
20200412,2020-04-12,2020,2,4,April
20200823,2020-08-23,2020,3,8,August
20200606,2020-06-06,2020,2,6,June
20200123,2020-01-23,2020,1,1,January
20200302,2020-03-02,2020,1,3,March
20200423,2020-04-23,2020,2,4,April
20210417,2021-04-17,2021,2,4,April
20200602,2020-06-02,2020,2,6,June
20200614,2020-06-14,2020,2,6,June
20210322,2021-03-22,2021,1,3,March
20210910,2021-09-10,2021,3,9,September
20210609,2021-06-09,2021,2,6,June
20211222,2021-12-22,2021,4,12,December
20211121,2021-11-21,2021,4,11,November
20211111,2021-11-11,2021,4,11,November
20211004,2021-10-04,2021,4,10,October
20200531,2020-05-31,2020,2,5,May
20211124,2021-11-24,2021,4,11,November
20210318,2021-03-18,2021,1,3,March
20211023,2021-10-23,2021,4,10,October
20210903,2021-09-03,2021,3,9,September
20201126,2020-11-26,2020,4,11,November
20200919,2020-09-19,2020,3,9,September
20200629,2020-06-29,2020,2,6,June
20200222,2020-02-22,2020,1,2,February
20210718,2021-07-18,2021,3,7,July
20200427,2020-04-27,2020,2,4,April
20210108,2021-01-08,2021,1,1,January
20210127,2021-01-27,2021,1,1,January
20200717,2020-07-17,2020,3,7,July
20210616,2021-06-16,2021,2,6,June
20211125,2021-11-25,2021,4,11,November
20211219,2021-12-19,2021,4,12,December
20210912,2021-09-12,2021,3,9,September
20211215,2021-12-15,2021,4,12,December
20200710,2020-07-10,2020,3,7,July
20200513,2020-05-13,2020,2,5,May
20200120,2020-01-20,2020,1,1,January
20211016,2021-10-16,2021,4,10,October
20200619,2020-06-19,2020,2,6,June
20200304,2020-03-04,2020,1,3,March
20210720,2021-07-20,2021,3,7,July
20210204,2021-02-04,2021,1,2,February
20201227,2020-12-27,2020,4,12,December
20210926,2021-09-26,2021,3,9,September
20201017,2020-10-17,2020,4,10,October
20210227,2021-02-27,2021,1,2,February
20210217,2021-02-17,2021,1,2,February
20200815,2020-08-15,2020,3,8,August
20200618,2020-06-18,2020,2,6,June
20201107,2020-11-07,2020,4,11,November
20211105,2021-11-05,2021,4,11,November
20210817,2021-08-17,2021,3,8,August
20200608,2020-06-08,2020,2,6,June
20210131,2021-01-31,2021,1,1,January
20211122,2021-11-22,2021,4,11,November
20210929,2021-09-29,2021,3,9,September
20200125,2020-01-25,2020,1,1,January
20200126,2020-01-26,2020,1,1,January
20210921,2021-09-21,2021,3,9,September
20200223,2020-02-23,2020,1,2,February
20200809,2020-08-09,2020,3,8,August
20200713,2020-07-13,2020,3,7,July
20210531,2021-05-31,2021,2,5,May
20201010,2020-10-10,2020,4,10,October
20210215,2021-02-15,2021,1,2,February
20211014,2021-10-14,2021,4,10,October
20210905,2021-09-05,2021,3,9,September
20200910,2020-09-10,2020,3,9,September
20200130,2020-01-30,2020,1,1,January
20210728,2021-07-28,2021,3,7,July
20210731,2021-07-31,2021,3,7,July
20200622,2020-06-22,2020,2,6,June
20210711,2021-07-11,2021,3,7,July
20211130,2021-11-30,2021,4,11,November
20211028,2021-10-28,2021,4,10,October
20201124,2020-11-24,2020,4,11,November
20210913,2021-09-13,2021,3,9,September
20200912,2020-09-12,2020,3,9,September
20201007,2020-10-07,2020,4,10,October
20201214,2020-12-14,2020,4,12,December
20210314,2021-03-14,2021,1,3,March
20201216,2020-12-16,2020,4,12,December
20210827,2021-08-27,2021,3,8,August
20210109,2021-01-09,2021,1,1,January
20200720,2020-07-20,2020,3,7,July
20200908,2020-09-08,2020,3,9,September
20210924,2021-09-24,2021,3,9,September
20210729,2021-07-29,2021,3,7,July
20201219,2020-12-19,2020,4,12,December
20210612,2021-06-12,2021,2,6,June
20210518,2021-05-18,2021,2,5,May
20200504,2020-05-04,2020,2,5,May
20211012,2021-10-12,2021,4,10,October
20201102,2020-11-02,2020,4,11,November
20210927,2021-09-27,2021,3,9,September
20200514,2020-05-14,2020,2,5,May
20210606,2021-06-06,2021,2,6,June
20210906,2021-09-06,2021,3,9,September
20201207,2020-12-07,2020,4,12,December
20210902,2021-09-02,2021,3,9,September
20201114,2020-11-14,2020,4,11,November
20200810,2020-08-10,2020,3,8,August
20210210,2021-02-10,2021,1,2,February
20200507,2020-05-07,2020,2,5,May
20200925,2020-09-25,2020,3,9,September
20200309,2020-03-09,2020,1,3,March
20210514,2021-05-14,2021,2,5,May
20210917,2021-09-17,2021,3,9,September
20210428,2021-04-28,2021,2,4,April
20200415,2020-04-15,2020,2,4,April
20200701,2020-07-01,2020,3,7,July
20201113,2020-11-13,2020,4,11,November
20200204,2020-02-04,2020,1,2,February
20200716,2020-07-16,2020,3,7,July
20200902,2020-09-02,2020,3,9,September
20210925,2021-09-25,2021,3,9,September
20200729,2020-07-29,2020,3,7,July
20200424,2020-04-24,2020,2,4,April
20200926,2020-09-26,2020,3,9,September
20210216,2021-02-16,2021,1,2,February
20210312,2021-03-12,2021,1,3,March
20211005,2021-10-05,2021,4,10,October
20200611,2020-06-11,2020,2,6,June
20210723,2021-07-23,2021,3,7,July
20211211,2021-12-11,2021,4,12,December
20200405,2020-04-05,2020,2,4,April
20200404,2020-04-04,2020,2,4,April
20210809,2021-08-09,2021,3,8,August
20200225,2020-02-25,2020,1,2,February
20211027,2021-10-27,2021,4,10,October
20200202,2020-02-02,2020,1,2,February
20210620,2021-06-20,2021,2,6,June
20210605,2021-06-05,2021,2,6,June
20200509,2020-05-09,2020,2,5,May
20211101,2021-11-01,2021,4,11,November
20210214,2021-02-14,2021,1,2,February
20200831,2020-08-31,2020,3,8,August
20200808,2020-08-08,2020,3,8,August
20210226,2021-02-26,2021,1,2,February
20211003,2021-10-03,2021,4,10,October
20211123,2021-11-23,2021,4,11,November
20200508,2020-05-08,2020,2,5,May
20201130,2020-11-30,2020,4,11,November
20200317,2020-03-17,2020,1,3,March
20200901,2020-09-01,2020,3,9,September
20201226,2020-12-26,2020,4,12,December
20201229,2020-12-29,2020,4,12,December
20200310,2020-03-10,2020,1,3,March
20211227,2021-12-27,2021,4,12,December
20200501,2020-05-01,2020,2,5,May
20201001,2020-10-01,2020,4,10,October
20200129,2020-01-29,2020,1,1,January
20210418,2021-04-18,2021,2,4,April
20211017,2021-10-17,2021,4,10,October
20200425,2020-04-25,2020,2,4,April
20210321,2021-03-21,2021,1,3,March
20201031,2020-10-31,2020,4,10,October
20200122,2020-01-22,2020,1,1,January
20210628,2021-06-28,2021,2,6,June
20201021,2020-10-21,2020,4,10,October
20200903,2020-09-03,2020,3,9,September
20210120,2021-01-20,2021,1,1,January
20200112,2020-01-12,2020,1,1,January
20200922,2020-09-22,2020,3,9,September
20200830,2020-08-30,2020,3,8,August
20210803,2021-08-03,2021,3,8,August
20200822,2020-08-22,2020,3,8,August
20210507,2021-05-07,2021,2,5,May
20200411,2020-04-11,2020,2,4,April
20210114,2021-01-14,2021,1,1,January
20210105,2021-01-05,2021,1,1,January
20200704,2020-07-04,2020,3,7,July
20201002,2020-10-02,2020,4,10,October
20200323,2020-03-23,2020,1,3,March
20211109,2021-11-09,2021,4,11,November
20201209,2020-12-09,2020,4,12,December
20210714,2021-07-14,2021,3,7,July
20211221,2021-12-21,2021,4,12,December
20210315,2021-03-15,2021,1,3,March
20200408,2020-04-08,2020,2,4,April
20201218,2020-12-18,2020,4,12,December
20210307,2021-03-07,2021,1,3,March
20200217,2020-02-17,2020,1,2,February
20200512,2020-05-12,2020,2,5,May
20200305,2020-03-05,2020,1,3,March
20210427,2021-04-27,2021,2,4,April
20211024,2021-10-24,2021,4,10,October
20210624,2021-06-24,2021,2,6,June
20210802,2021-08-02,2021,3,8,August
20210627,2021-06-27,2021,2,6,June
20211127,2021-11-27,2021,4,11,November
20200817,2020-08-17,2020,3,8,August
20200928,2020-09-28,2020,3,9,September
20201014,2020-10-14,2020,4,10,October
20211019,2021-10-19,2021,4,10,October
20211117,2021-11-17,2021,4,11,November
20211216,2021-12-16,2021,4,12,December
20200329,2020-03-29,2020,1,3,March
20210916,2021-09-16,2021,3,9,September
20210725,2021-07-25,2021,3,7,July
20200626,2020-06-26,2020,2,6,June
20210815,2021-08-15,2021,3,8,August
20210413,2021-04-13,2021,2,4,April
20201231,2020-12-31,2020,4,12,December
20201127,2020-11-27,2020,4,11,November
20210820,2021-08-20,2021,3,8,August
20210411,2021-04-11,2021,2,4,April
20210701,2021-07-01,2021,3,7,July
20200604,2020-06-04,2020,2,6,June
20210712,2021-07-12,2021,3,7,July
20201119,2020-11-19,2020,4,11,November
20210309,2021-03-09,2021,1,3,March
20210710,2021-07-10,2021,3,7,July
20210713,2021-07-13,2021,3,7,July
20210419,2021-04-19,2021,2,4,April
20200625,2020-06-25,2020,2,6,June
20200409,2020-04-09,2020,2,4,April
20200929,2020-09-29,2020,3,9,September
20210719,2021-07-19,2021,3,7,July
20200228,2020-02-28,2020,1,2,February
20200402,2020-04-02,2020,2,4,April
20200214,2020-02-14,2020,1,2,February
20210316,2021-03-16,2021,1,3,March
20200914,2020-09-14,2020,3,9,September
20200613,2020-06-13,2020,2,6,June
20200605,2020-06-05,2020,2,6,June
20210502,2021-05-02,2021,2,5,May
20201213,2020-12-13,2020,4,12,December
20211120,2021-11-20,2021,4,11,November
20200523,2020-05-23,2020,2,5,May
20200620,2020-06-20,2020,2,6,June
20200730,2020-07-30,2020,3,7,July
20200728,2020-07-28,2020,3,7,July
20200907,2020-09-07,2020,3,9,September
20210923,2021-09-23,2021,3,9,September
20200927,2020-09-27,2020,3,9,September
20210515,2021-05-15,2021,2,5,May
20210122,2021-01-22,2021,1,1,January
20200324,2020-03-24,2020,1,3,March
20200413,2020-04-13,2020,2,4,April
20211224,2021-12-24,2021,4,12,December
20200312,2020-03-12,2020,1,3,March
20200725,2020-07-25,2020,3,7,July
20201204,2020-12-04,2020,4,12,December
20200320,2020-03-20,2020,1,3,March
20200221,2020-02-21,2020,1,2,February
20200528,2020-05-28,2020,2,5,May
20210530,2021-05-30,2021,2,5,May
20201123,2020-11-23,2020,4,11,November
20210405,2021-04-05,2021,2,4,April
20210918,2021-09-18,2021,3,9,September
20211204,2021-12-04,2021,4,12,December
20200518,2020-05-18,2020,2,5,May
20210410,2021-04-10,2021,2,4,April
20210304,2021-03-04,2021,1,3,March
20201009,2020-10-09,2020,4,10,October
20200517,2020-05-17,2020,2,5,May
20210930,2021-09-30,2021,3,9,September
20211103,2021-11-03,2021,4,11,November
20200723,2020-07-23,2020,3,7,July
20201029,2020-10-29,2020,4,10,October
20200803,2020-08-03,2020,3,8,August
20200201,2020-02-01,2020,1,2,February
20210317,2021-03-17,2021,1,3,March
20210528,2021-05-28,2021,2,5,May
20210519,2021-05-19,2021,2,5,May
20210914,2021-09-14,2021,3,9,September
20211213,2021-12-13,2021,4,12,December
20210407,2021-04-07,2021,2,4,April
20210228,2021-02-28,2021,1,2,February
20200103,2020-01-03,2020,1,1,January
20210117,2021-01-17,2021,1,1,January
20201030,2020-10-30,2020,4,10,October
20210125,2021-01-25,2021,1,1,January
20200819,2020-08-19,2020,3,8,August
20200306,2020-03-06,2020,1,3,March
20210409,2021-04-09,2021,2,4,April
20211129,2021-11-29,2021,4,11,November
20200921,2020-09-21,2020,3,9,September
20200406,2020-04-06,2020,2,4,April
20210422,2021-04-22,2021,2,4,April
20200906,2020-09-06,2020,3,9,September
20200311,2020-03-11,2020,1,3,March
20211118,2021-11-18,2021,4,11,November
20200529,2020-05-29,2020,2,5,May
20200421,2020-04-21,2020,2,4,April
20200824,2020-08-24,2020,3,8,August
20211029,2021-10-29,2021,4,10,October
20210130,2021-01-30,2021,1,1,January
20211011,2021-10-11,2021,4,10,October
20210610,2021-06-10,2021,2,6,June
20200520,2020-05-20,2020,2,5,May
20210608,2021-06-08,2021,2,6,June
20210721,2021-07-21,2021,3,7,July
20200430,2020-04-30,2020,2,4,April
20200313,2020-03-13,2020,1,3,March
20200328,2020-03-28,2020,1,3,March
20210129,2021-01-29,2021,1,1,January
20210329,2021-03-29,2021,1,3,March
20211217,2021-12-17,2021,4,12,December
20210824,2021-08-24,2021,3,8,August
20200104,2020-01-04,2020,1,1,January
20210512,2021-05-12,2021,2,5,May
20210430,2021-04-30,2021,2,4,April
20200215,2020-02-15,2020,1,2,February
20200829,2020-08-29,2020,3,8,August
20201220,2020-12-20,2020,4,12,December
20200506,2020-05-06,2020,2,5,May
20211208,2021-12-08,2021,4,12,December
20200111,2020-01-11,2020,1,1,January
20200117,2020-01-17,2020,1,1,January
20210730,2021-07-30,2021,3,7,July
20210828,2021-08-28,2021,3,8,August
20200510,2020-05-10,2020,2,5,May
20210619,2021-06-19,2021,2,6,June
20201101,2020-11-01,2020,4,11,November
20211020,2021-10-20,2021,4,10,October
20201203,2020-12-03,2020,4,12,December
20210525,2021-05-25,2021,2,5,May
20211220,2021-12-20,2021,4,12,December
20210816,2021-08-16,2021,3,8,August
20210722,2021-07-22,2021,3,7,July
20210801,2021-08-01,2021,3,8,August
20201025,2020-10-25,2020,4,10,October
20200909,2020-09-09,2020,3,9,September
20210520,2021-05-20,2021,2,5,May
20210116,2021-01-16,2021,1,1,January
20210311,2021-03-11,2021,1,3,March
20210415,2021-04-15,2021,2,4,April
20210426,2021-04-26,2021,2,4,April
20200719,2020-07-19,2020,3,7,July
20211001,2021-10-01,2021,4,10,October
20210423,2021-04-23,2021,2,4,April
20200519,2020-05-19,2020,2,5,May
20200721,2020-07-21,2020,3,7,July
20211113,2021-11-13,2021,4,11,November
20211006,2021-10-06,2021,4,10,October
20200503,2020-05-03,2020,2,5,May
20201105,2020-11-05,2020,4,11,November
20211229,2021-12-29,2021,4,12,December
20210708,2021-07-08,2021,3,7,July
20200227,2020-02-27,2020,1,2,February
20200426,2020-04-26,2020,2,4,April
20211202,2021-12-02,2021,4,12,December
20201129,2020-11-29,2020,4,11,November
20200816,2020-08-16,2020,3,8,August
20200124,2020-01-24,2020,1,1,January
20200121,2020-01-21,2020,1,1,January
20200603,2020-06-03,2020,2,6,June
20200128,2020-01-28,2020,1,1,January
20200325,2020-03-25,2020,1,3,March
20210702,2021-07-02,2021,3,7,July
20210826,2021-08-26,2021,3,8,August
20210406,2021-04-06,2021,2,4,April
20201230,2020-12-30,2020,4,12,December
20200911,2020-09-11,2020,3,9,September
20200615,2020-06-15,2020,2,6,June
20210328,2021-03-28,2021,1,3,March
20200318,2020-03-18,2020,1,3,March
20200410,2020-04-10,2020,2,4,April
20200811,2020-08-11,2020,3,8,August
20211203,2021-12-03,2021,4,12,December
20200429,2020-04-29,2020,2,4,April
20211230,2021-12-30,2021,4,12,December
20210716,2021-07-16,2021,3,7,July
20210901,2021-09-01,2021,3,9,September
20210614,2021-06-14,2021,2,6,June
20210602,2021-06-02,2021,2,6,June
20211015,2021-10-15,2021,4,10,October
20201201,2020-12-01,2020,4,12,December
20200420,2020-04-20,2020,2,4,April
20210705,2021-07-05,2021,3,7,July
20210128,2021-01-28,2021,1,1,January
20211119,2021-11-19,2021,4,11,November
20200118,2020-01-18,2020,1,1,January
20210212,2021-02-12,2021,1,2,February
20210509,2021-05-09,2021,2,5,May
20210402,2021-04-02,2021,2,4,April
20210203,2021-02-03,2021,1,2,February
20211026,2021-10-26,2021,4,10,October
20200521,2020-05-21,2020,2,5,May
20200115,2020-01-15,2020,1,1,January
20200418,2020-04-18,2020,2,4,April
20200711,2020-07-11,2020,3,7,July
20200205,2020-02-05,2020,1,2,February
20210709,2021-07-09,2021,3,7,July
20201223,2020-12-23,2020,4,12,December
20200923,2020-09-23,2020,3,9,September
20200326,2020-03-26,2020,1,3,March
20210111,2021-01-11,2021,1,1,January
20200624,2020-06-24,2020,2,6,June
20200416,2020-04-16,2020,2,4,April
20210310,2021-03-10,2021,1,3,March
20210922,2021-09-22,2021,3,9,September
20210213,2021-02-13,2021,1,2,February
20210904,2021-09-04,2021,3,9,September
20210208,2021-02-08,2021,1,2,February
20200218,2020-02-18,2020,1,2,February
20200820,2020-08-20,2020,3,8,August
20200805,2020-08-05,2020,3,8,August
20210301,2021-03-01,2021,1,3,March
20200210,2020-02-10,2020,1,2,February
20200516,2020-05-16,2020,2,5,May
20201225,2020-12-25,2020,4,12,December
20210305,2021-03-05,2021,1,3,March
20210707,2021-07-07,2021,3,7,July
20200930,2020-09-30,2020,3,9,September
20200105,2020-01-05,2020,1,1,January
20200826,2020-08-26,2020,3,8,August
20200807,2020-08-07,2020,3,8,August
20211218,2021-12-18,2021,4,12,December
20211013,2021-10-13,2021,4,10,October
20200610,2020-06-10,2020,2,6,June
20211010,2021-10-10,2021,4,10,October
20201103,2020-11-03,2020,4,11,November
20211114,2021-11-14,2021,4,11,November
20210527,2021-05-27,2021,2,5,May
20210524,2021-05-24,2021,2,5,May
20200403,2020-04-03,2020,2,4,April
20210615,2021-06-15,2021,2,6,June
20210205,2021-02-05,2021,1,2,February
20200527,2020-05-27,2020,2,5,May
20210104,2021-01-04,2021,1,1,January
20200209,2020-02-09,2020,1,2,February
20210920,2021-09-20,2021,3,9,September
20210812,2021-08-12,2021,3,8,August
20200505,2020-05-05,2020,2,5,May
20201016,2020-10-16,2020,4,10,October
20210601,2021-06-01,2021,2,6,June
20211214,2021-12-14,2021,4,12,December
20200812,2020-08-12,2020,3,8,August
20200617,2020-06-17,2020,2,6,June
20201027,2020-10-27,2020,4,10,October
20201117,2020-11-17,2020,4,11,November
20210102,2021-01-02,2021,1,1,January
20210804,2021-08-04,2021,3,8,August
20201024,2020-10-24,2020,4,10,October
20210222,2021-02-22,2021,1,2,February
20211228,2021-12-28,2021,4,12,December
20200207,2020-02-07,2020,1,2,February
20200525,2020-05-25,2020,2,5,May
20200524,2020-05-24,2020,2,5,May
20211226,2021-12-26,2021,4,12,December
20200905,2020-09-05,2020,3,9,September
20200330,2020-03-30,2020,1,3,March
20200102,2020-01-02,2020,1,1,January
20211009,2021-10-09,2021,4,10,October
20210118,2021-01-18,2021,1,1,January
20200322,2020-03-22,2020,1,3,March
20200827,2020-08-27,2020,3,8,August
20210823,2021-08-23,2021,3,8,August
20201118,2020-11-18,2020,4,11,November
20211108,2021-11-08,2021,4,11,November
20201221,2020-12-21,2020,4,12,December
20200113,2020-01-13,2020,1,1,January
20210302,2021-03-02,2021,1,3,March
20210621,2021-06-21,2021,2,6,June
20200422,2020-04-22,2020,2,4,April
20210622,2021-06-22,2021,2,6,June
20210326,2021-03-26,2021,1,3,March
